time,active_time,evaluations,iterations,nodes,step_size
0,0,0,0,0,0
10,0,10,8,35937,10
18,0,15,3,35937,8
26,0,20,3,35937,8
34,0,25,3,35937,8
42,0,30,3,35937,8
50,0,35,3,35937,8
58,0,40,3,35937,8
66,0,46,4,35937,8
74,0,52,4,35937,8
82,0,58,4,35937,8
90,0,64,4,35937,8
98,0,70,4,35937,8
106,0,76,4,35937,8
114,0,82,4,35937,8
122,0,88,4,35937,8
130,0,94,4,35937,8
138,0,99,3,35937,8
150,0,105,4,35937,12
162,0,111,4,35937,12
174,0,117,4,35937,12
186,0,123,4,35937,12
198,0,129,4,35937,12
210,0,135,4,35937,12
222,0,141,4,35937,12
234,0,147,4,35937,12
246,0,153,4,35937,12
258,0,159,4,35937,12
270,0,165,4,35937,12
282,0,171,4,35937,12
294,0,176,3,35937,12
312,0,182,4,35937,18
330,0,188,4,35937,18
348,0,194,4,35937,18
366,0,200,4,35937,18
384,0,206,4,35937,18
402,0,212,4,35937,18
420,0,218,4,35937,18
438,0,224,4,35937,18
456,0,230,4,35937,18
474,0,236,4,35937,18
492,0,242,4,35937,18
510,0,248,4,35937,18
528,0,254,4,35937,18
546,0,260,4,35937,18
564,0,266,4,35937,18
582,0,272,4,35937,18
600,0,278,4,35937,18
618,0,284,4,35937,18
636,0,290,4,35937,18
654,0,296,4,35937,18
672,0,302,4,35937,18
690,0,308,4,35937,18
708,0,313,3,35937,18
735,0,319,4,35937,27
762,0,325,4,35937,27
789,0,331,4,35937,27
816,0,337,4,35937,27
843,0,343,4,35937,27
870,0,349,4,35937,27
897,0,355,4,35937,27
924,0,361,4,35937,27
951,0,367,4,35937,27
978,0,373,4,35937,27
1005,0,379,4,35937,27
1032,0,385,4,35937,27
1059,0,391,4,35937,27
1086,0,397,4,35937,27
1113,0,403,4,35937,27
1140,0,409,4,35937,27
1167,0,415,4,35937,27
1194,0,421,4,35937,27
1221,0,427,4,35937,27
1248,0,433,4,35937,27
1275,0,439,4,35937,27
1302,0,445,4,35937,27
1329,0,451,4,35937,27
1356,0,457,4,35937,27
1383,0,463,4,35937,27
1410,0,469,4,35937,27
1437,0,475,4,35937,27
1464,0,481,4,35937,27
1491,0,486,3,35937,27
1518,0,491,3,35937,27
1545,0,496,3,35937,27
1572,0,501,3,35937,27
1599,0,507,4,35937,27
1626,0,513,4,35937,27
1653,0,519,4,35937,27
1680,0,525,4,35937,27
1707,0,531,4,35937,27
1734,0,536,3,35937,27
1761,0,541,3,35937,27
1788,0,546,3,35937,27
1815,0,551,3,35937,27
1842,0,557,4,35937,27
1869,0,563,4,35937,27
1896,0,569,4,35937,27
1923,0,575,4,35937,27
1950,0,581,4,35937,27
1977,0,586,3,35937,27
2004,0,592,4,35937,27
2031,0,598,4,35937,27
2058,0,604,4,35937,27
2085,0,610,4,35937,27
2112,0,616,4,35937,27
2139,0,622,4,35937,27
2166,0,628,4,35937,27
2193,0,634,4,35937,27
2220,0,640,4,35937,27
2247,0,646,4,35937,27
2274,0,652,4,35937,27
2301,0,658,4,35937,27
2328,0,664,4,35937,27
2355,0,670,4,35937,27
2382,0,676,4,35937,27
2409,0,682,4,35937,27
2436,0,688,4,35937,27
2463,0,694,4,35937,27
2490,0,700,4,35937,27
2517,0,706,4,35937,27
2544,0,711,3,35937,27
2571,0,716,3,35937,27
2598,0,722,4,35937,27
2625,0,728,4,35937,27
2652,0,734,4,35937,27
2679,0,740,4,35937,27
2706,0,746,4,35937,27
2733,0,752,4,35937,27
2760,0,758,4,35937,27
2787,0,764,4,35937,27
2814,0,770,4,35937,27
2841,0,776,4,35937,27
2868,0,782,4,35937,27
2895,0,788,4,35937,27
2922,0,793,3,35937,27
2949,0,798,3,35937,27
2976,0,803,3,35937,27
3003,0,808,3,35937,27
3030,0,813,3,35937,27
3057,0,819,4,35937,27
3084,0,825,4,35937,27
3111,0,831,4,35937,27
3138,0,837,4,35937,27
3165,0,842,3,35937,27
3192,0,847,3,35937,27
3219,0,852,3,35937,27
3246,0,857,3,35937,27
3273,0,862,3,35937,27
3300,0,867,3,35937,27
3327,0,873,4,35937,27
3354,0,879,4,35937,27
3381,0,885,4,35937,27
3408,0,890,3,35937,27
3435,0,895,3,35937,27
3462,0,900,3,35937,27
3489,0,905,3,35937,27
3516,0,910,3,35937,27
3543,0,915,3,35937,27
3570,0,920,3,35937,27
3597,0,925,3,35937,27
3624,0,930,3,35937,27
3651,0,935,3,35937,27
3678,0,940,3,35937,27
3705,0,945,3,35937,27
3732,0,950,3,35937,27
3759,0,955,3,35937,27
3786,0,960,3,35937,27
3813,0,965,3,35937,27
3840,0,970,3,35937,27
3867,0,975,3,35937,27
3894,0,981,4,35937,27
3921,0,987,4,35937,27
3948,0,992,3,35937,27
3975,0,997,3,35937,27
4002,0,1002,3,35937,27
4029,0,1007,3,35937,27
4056,0,1012,3,35937,27
4083,0,1017,3,35937,27
4110,0,1022,3,35937,27
4137,0,1027,3,35937,27
4164,0,1032,3,35937,27
4191,0,1037,3,35937,27
4218,0,1042,3,35937,27
4245,0,1047,3,35937,27
4272,0,1052,3,35937,27
4299,0,1057,3,35937,27
4326,0,1062,3,35937,27
4353,0,1067,3,35937,27
4380,0,1072,3,35937,27
4407,0,1077,3,35937,27
4434,0,1082,3,35937,27
4461,0,1087,3,35937,27
4488,0,1092,3,35937,27
4515,0,1097,3,35937,27
4542,0,1102,3,35937,27
4569,0,1107,3,35937,27
4596,0,1112,3,35937,27
4623,0,1117,3,35937,27
4650,0,1122,3,35937,27
4677,0,1127,3,35937,27
4704,0,1132,3,35937,27
4731,0,1137,3,35937,27
4758,0,1142,3,35937,27
4785,0,1147,3,35937,27
4812,0,1152,3,35937,27
4839,0,1157,3,35937,27
4866,0,1163,4,35937,27
4893,0,1169,4,35937,27
4920,0,1174,3,35937,27
4947,0,1179,3,35937,27
4974,0,1184,3,35937,27
5001,0,1189,3,35937,27
5028,0,1194,3,35937,27
5055,0,1199,3,35937,27
5082,0,1204,3,35937,27
5109,0,1209,3,35937,27
5136,0,1214,3,35937,27
5163,0,1219,3,35937,27
5190,0,1224,3,35937,27
5217,0,1229,3,35937,27
5244,0,1235,4,35937,27
5271,0,1241,4,35937,27
5298,0,1247,4,35937,27
5325,0,1253,4,35937,27
5352,0,1258,3,35937,27
5379,0,1263,3,35937,27
5406,0,1268,3,35937,27
5433,0,1273,3,35937,27
5460,0,1278,3,35937,27
5487,0,1283,3,35937,27
5514,0,1288,3,35937,27
5541,0,1293,3,35937,27
5568,0,1298,3,35937,27
5595,0,1303,3,35937,27
5622,0,1308,3,35937,27
5649,0,1313,3,35937,27
5676,0,1318,3,35937,27
5703,0,1323,3,35937,27
5730,0,1328,3,35937,27
5757,0,1333,3,35937,27
5784,0,1338,3,35937,27
5811,0,1343,3,35937,27
5838,0,1348,3,35937,27
5865,0,1353,3,35937,27
5892,0,1358,3,35937,27
5919,0,1363,3,35937,27
5946,0,1368,3,35937,27
5973,0,1373,3,35937,27
6000,0,1378,3,35937,27
6027,0,1383,3,35937,27
6054,0,1388,3,35937,27
6081,0,1393,3,35937,27
6108,0,1398,3,35937,27
6135,0,1403,3,35937,27
6162,0,1408,3,35937,27
6189,0,1413,3,35937,27
6216,0,1418,3,35937,27
6243,0,1423,3,35937,27
6270,0,1428,3,35937,27
6297,0,1433,3,35937,27
6324,0,1438,3,35937,27
6351,0,1443,3,35937,27
6378,0,1448,3,35937,27
6405,0,1453,3,35937,27
6432,0,1458,3,35937,27
6459,0,1463,3,35937,27
6486,0,1468,3,35937,27
6513,0,1473,3,35937,27
6540,0,1478,3,35937,27
6567,0,1483,3,35937,27
6594,0,1488,3,35937,27
6621,0,1493,3,35937,27
6648,0,1498,3,35937,27
6675,0,1503,3,35937,27
6702,0,1508,3,35937,27
6729,0,1513,3,35937,27
6756,0,1518,3,35937,27
6783,0,1523,3,35937,27
6810,0,1528,3,35937,27
6837,0,1533,3,35937,27
6864,0,1538,3,35937,27
6891,0,1543,3,35937,27
6918,0,1548,3,35937,27
6945,0,1553,3,35937,27
6972,0,1558,3,35937,27
6999,0,1563,3,35937,27
7026,0,1568,3,35937,27
7053,0,1573,3,35937,27
7080,0,1578,3,35937,27
7107,0,1583,3,35937,27
7134,0,1588,3,35937,27
7161,0,1593,3,35937,27
7188,0,1598,3,35937,27
7215,0,1603,3,35937,27
7242,0,1609,4,35937,27
7269,0,1615,4,35937,27
7296,0,1620,3,35937,27
7323,0,1625,3,35937,27
7350,0,1630,3,35937,27
7377,0,1635,3,35937,27
7404,0,1640,3,35937,27
7431,0,1646,4,35937,27
7458,0,1651,3,35937,27
7485,0,1657,4,35937,27
7512,0,1662,3,35937,27
7539,0,1667,3,35937,27
7566,0,1672,3,35937,27
7593,0,1677,3,35937,27
7620,0,1682,3,35937,27
7647,0,1687,3,35937,27
7674,0,1692,3,35937,27
7701,0,1697,3,35937,27
7728,0,1702,3,35937,27
7755,0,1707,3,35937,27
7782,0,1712,3,35937,27
7809,0,1717,3,35937,27
7836,0,1722,3,35937,27
7863,0,1727,3,35937,27
7890,0,1732,3,35937,27
7917,0,1737,3,35937,27
7944,0,1742,3,35937,27
7971,0,1747,3,35937,27
7998,0,1752,3,35937,27
8025,0,1757,3,35937,27
8052,0,1762,3,35937,27
8079,0,1767,3,35937,27
8106,0,1772,3,35937,27
8133,0,1777,3,35937,27
8160,0,1782,3,35937,27
8187,0,1787,3,35937,27
8214,0,1792,3,35937,27
8241,0,1797,3,35937,27
8268,0,1802,3,35937,27
8295,0,1807,3,35937,27
8322,0,1812,3,35937,27
8349,0,1817,3,35937,27
8376,0,1822,3,35937,27
8403,0,1827,3,35937,27
8430,0,1832,3,35937,27
8457,0,1837,3,35937,27
8484,0,1842,3,35937,27
8511,0,1847,3,35937,27
8538,0,1852,3,35937,27
8565,0,1857,3,35937,27
8592,0,1862,3,35937,27
8619,0,1867,3,35937,27
8646,0,1872,3,35937,27
8673,0,1877,3,35937,27
8700,0,1882,3,35937,27
8727,0,1887,3,35937,27
8754,0,1892,3,35937,27
8781,0,1897,3,35937,27
8808,0,1902,3,35937,27
8835,0,1907,3,35937,27
8862,0,1912,3,35937,27
8889,0,1917,3,35937,27
8916,0,1923,4,35937,27
8943,0,1929,4,35937,27
8970,0,1935,4,35937,27
8997,0,1941,4,35937,27
9024,0,1946,3,35937,27
9051,0,1951,3,35937,27
9078,0,1956,3,35937,27
9105,0,1961,3,35937,27
9132,0,1966,3,35937,27
9159,0,1971,3,35937,27
9186,0,1976,3,35937,27
9213,0,1981,3,35937,27
9240,0,1986,3,35937,27
9267,0,1991,3,35937,27
9294,0,1996,3,35937,27
9321,0,2001,3,35937,27
9348,0,2006,3,35937,27
9375,0,2011,3,35937,27
9402,0,2016,3,35937,27
9429,0,2022,4,35937,27
9456,0,2028,4,35937,27
9483,0,2034,4,35937,27
9510,0,2040,4,35937,27
9537,0,2046,4,35937,27
9564,0,2052,4,35937,27
9591,0,2058,4,35937,27
9618,0,2064,4,35937,27
9645,0,2069,3,35937,27
9672,0,2074,3,35937,27
9699,0,2079,3,35937,27
9726,0,2084,3,35937,27
9753,0,2089,3,35937,27
9780,0,2094,3,35937,27
9807,0,2099,3,35937,27
9834,0,2104,3,35937,27
9861,0,2109,3,35937,27
9888,0,2114,3,35937,27
9915,0,2119,3,35937,27
9942,0,2124,3,35937,27
9969,0,2129,3,35937,27
9996,0,2135,4,35937,27
10023,0,2141,4,35937,27
10050,0,2147,4,35937,27
10077,0,2152,3,35937,27
10104,0,2157,3,35937,27
10131,0,2162,3,35937,27
10158,0,2167,3,35937,27
10185,0,2172,3,35937,27
10212,0,2177,3,35937,27
10239,0,2182,3,35937,27
10266,0,2187,3,35937,27
10293,0,2192,3,35937,27
10320,0,2197,3,35937,27
10347,0,2202,3,35937,27
10374,0,2207,3,35937,27
10401,0,2212,3,35937,27
10428,0,2217,3,35937,27
10455,0,2222,3,35937,27
10482,0,2227,3,35937,27
10509,0,2232,3,35937,27
10536,0,2237,3,35937,27
10563,0,2242,3,35937,27
10590,0,2247,3,35937,27
10617,0,2252,3,35937,27
10644,0,2257,3,35937,27
10671,0,2262,3,35937,27
10698,0,2267,3,35937,27
10725,0,2272,3,35937,27
10752,0,2277,3,35937,27
10779,0,2282,3,35937,27
10806,0,2287,3,35937,27
10833,0,2292,3,35937,27
10860,0,2297,3,35937,27
10887,0,2302,3,35937,27
10914,0,2307,3,35937,27
10941,0,2312,3,35937,27
10968,0,2317,3,35937,27
10995,0,2322,3,35937,27
11022,0,2327,3,35937,27
11049,0,2332,3,35937,27
11076,0,2337,3,35937,27
11103,0,2342,3,35937,27
11130,0,2347,3,35937,27
11157,0,2352,3,35937,27
11184,0,2357,3,35937,27
11211,0,2362,3,35937,27
11238,0,2367,3,35937,27
11265,0,2372,3,35937,27
11292,0,2377,3,35937,27
11319,0,2382,3,35937,27
11346,0,2387,3,35937,27
11373,0,2392,3,35937,27
11400,0,2397,3,35937,27
11427,0,2402,3,35937,27
11454,0,2407,3,35937,27
11481,0,2412,3,35937,27
11508,0,2417,3,35937,27
11535,0,2422,3,35937,27
11562,0,2427,3,35937,27
11589,0,2432,3,35937,27
11616,0,2437,3,35937,27
11643,0,2442,3,35937,27
11670,0,2447,3,35937,27
11697,0,2452,3,35937,27
11724,0,2457,3,35937,27
11751,0,2462,3,35937,27
11778,0,2467,3,35937,27
11805,0,2472,3,35937,27
11832,0,2477,3,35937,27
11859,0,2482,3,35937,27
11886,0,2487,3,35937,27
11913,0,2492,3,35937,27
11940,0,2497,3,35937,27
11967,0,2502,3,35937,27
11994,0,2507,3,35937,27
12021,0,2512,3,35937,27
12048,0,2517,3,35937,27
12075,0,2522,3,35937,27
12102,0,2527,3,35937,27
12129,0,2532,3,35937,27
12156,0,2537,3,35937,27
12183,0,2542,3,35937,27
12210,0,2547,3,35937,27
12237,0,2552,3,35937,27
12264,0,2557,3,35937,27
12291,0,2562,3,35937,27
12318,0,2567,3,35937,27
12345,0,2572,3,35937,27
12372,0,2577,3,35937,27
12399,0,2582,3,35937,27
12426,0,2587,3,35937,27
12453,0,2592,3,35937,27
12480,0,2597,3,35937,27
12507,0,2602,3,35937,27
12534,0,2607,3,35937,27
12561,0,2612,3,35937,27
12588,0,2617,3,35937,27
12615,0,2622,3,35937,27
12642,0,2627,3,35937,27
12669,0,2632,3,35937,27
12696,0,2638,4,35937,27
12723,0,2644,4,35937,27
12750,0,2650,4,35937,27
12777,0,2655,3,35937,27
12804,0,2660,3,35937,27
12831,0,2665,3,35937,27
12858,0,2670,3,35937,27
12885,0,2675,3,35937,27
12912,0,2680,3,35937,27
12939,0,2685,3,35937,27
12966,0,2690,3,35937,27
12993,0,2695,3,35937,27
13020,0,2700,3,35937,27
13047,0,2705,3,35937,27
13074,0,2711,4,35937,27
13101,0,2717,4,35937,27
13128,0,2723,4,35937,27
13155,0,2729,4,35937,27
13182,0,2735,4,35937,27
13209,0,2741,4,35937,27
13236,0,2747,4,35937,27
13263,0,2752,3,35937,27
13290,0,2757,3,35937,27
13317,0,2762,3,35937,27
13344,0,2767,3,35937,27
13371,0,2772,3,35937,27
13398,0,2777,3,35937,27
13425,0,2782,3,35937,27
13452,0,2787,3,35937,27
13479,0,2792,3,35937,27
13506,0,2797,3,35937,27
13533,0,2802,3,35937,27
13560,0,2807,3,35937,27
13587,0,2812,3,35937,27
13614,0,2817,3,35937,27
13641,0,2822,3,35937,27
13668,0,2827,3,35937,27
13695,0,2832,3,35937,27
13722,0,2837,3,35937,27
13749,0,2842,3,35937,27
13776,0,2847,3,35937,27
13803,0,2852,3,35937,27
13830,0,2857,3,35937,27
13857,0,2862,3,35937,27
13884,0,2867,3,35937,27
13911,0,2872,3,35937,27
13938,0,2877,3,35937,27
13965,0,2882,3,35937,27
13992,0,2887,3,35937,27
14019,0,2892,3,35937,27
14046,0,2897,3,35937,27
14073,0,2902,3,35937,27
14100,0,2907,3,35937,27
14127,0,2912,3,35937,27
14154,0,2917,3,35937,27
14181,0,2922,3,35937,27
14208,0,2927,3,35937,27
14235,0,2932,3,35937,27
14262,0,2937,3,35937,27
14289,0,2942,3,35937,27
14316,0,2947,3,35937,27
14343,0,2952,3,35937,27
14370,0,2957,3,35937,27
14397,0,2962,3,35937,27
14424,0,2967,3,35937,27
14451,0,2972,3,35937,27
14478,0,2977,3,35937,27
14505,0,2982,3,35937,27
14532,0,2987,3,35937,27
14559,0,2992,3,35937,27
14586,0,2997,3,35937,27
14613,0,3002,3,35937,27
14640,0,3007,3,35937,27
14667,0,3012,3,35937,27
14694,0,3017,3,35937,27
14721,0,3022,3,35937,27
14748,0,3027,3,35937,27
14775,0,3032,3,35937,27
14802,0,3037,3,35937,27
14829,0,3042,3,35937,27
14856,0,3047,3,35937,27
14883,0,3052,3,35937,27
14910,0,3057,3,35937,27
14937,0,3062,3,35937,27
14964,0,3067,3,35937,27
14991,0,3072,3,35937,27
15018,0,3077,3,35937,27
15045,0,3082,3,35937,27
15072,0,3087,3,35937,27
15099,0,3092,3,35937,27
15126,0,3097,3,35937,27
15153,0,3102,3,35937,27
15180,0,3107,3,35937,27
15207,0,3112,3,35937,27
15234,0,3117,3,35937,27
15261,0,3122,3,35937,27
15288,0,3127,3,35937,27
15315,0,3132,3,35937,27
15342,0,3137,3,35937,27
15369,0,3142,3,35937,27
15396,0,3147,3,35937,27
15423,0,3152,3,35937,27
15450,0,3157,3,35937,27
15477,0,3162,3,35937,27
15504,0,3167,3,35937,27
15531,0,3172,3,35937,27
15558,0,3177,3,35937,27
15585,0,3182,3,35937,27
15612,0,3187,3,35937,27
15639,0,3192,3,35937,27
15666,0,3197,3,35937,27
15693,0,3202,3,35937,27
15720,0,3207,3,35937,27
15747,0,3212,3,35937,27
15774,0,3217,3,35937,27
15801,0,3222,3,35937,27
15828,0,3227,3,35937,27
15855,0,3232,3,35937,27
15882,0,3237,3,35937,27
15909,0,3242,3,35937,27
15936,0,3247,3,35937,27
15963,0,3252,3,35937,27
15990,0,3257,3,35937,27
16017,0,3262,3,35937,27
16044,0,3267,3,35937,27
16071,0,3272,3,35937,27
16098,0,3277,3,35937,27
16125,0,3282,3,35937,27
16152,0,3287,3,35937,27
16179,0,3292,3,35937,27
16206,0,3297,3,35937,27
16233,0,3302,3,35937,27
16260,0,3307,3,35937,27
16287,0,3312,3,35937,27
16314,0,3317,3,35937,27
16341,0,3322,3,35937,27
16368,0,3327,3,35937,27
16395,0,3332,3,35937,27
16422,0,3337,3,35937,27
16449,0,3342,3,35937,27
16476,0,3347,3,35937,27
16503,0,3352,3,35937,27
16530,0,3357,3,35937,27
16557,0,3362,3,35937,27
16584,0,3367,3,35937,27
16611,0,3372,3,35937,27
16638,0,3377,3,35937,27
16665,0,3382,3,35937,27
16692,0,3387,3,35937,27
16719,0,3392,3,35937,27
16746,0,3397,3,35937,27
16773,0,3402,3,35937,27
16800,0,3407,3,35937,27
16827,0,3412,3,35937,27
16854,0,3417,3,35937,27
16881,0,3422,3,35937,27
16908,0,3427,3,35937,27
16935,0,3432,3,35937,27
16962,0,3437,3,35937,27
16989,0,3442,3,35937,27
17016,0,3447,3,35937,27
17043,0,3452,3,35937,27
17070,0,3457,3,35937,27
17097,0,3462,3,35937,27
17124,0,3467,3,35937,27
17151,0,3472,3,35937,27
17178,0,3477,3,35937,27
17205,0,3482,3,35937,27
17232,0,3487,3,35937,27
17259,0,3492,3,35937,27
17286,0,3497,3,35937,27
17313,0,3502,3,35937,27
17340,0,3507,3,35937,27
17367,0,3512,3,35937,27
17394,0,3517,3,35937,27
17421,0,3522,3,35937,27
17448,0,3527,3,35937,27
17475,0,3532,3,35937,27
17502,0,3537,3,35937,27
17529,0,3542,3,35937,27
17556,0,3547,3,35937,27
17583,0,3552,3,35937,27
17610,0,3557,3,35937,27
17637,0,3562,3,35937,27
17664,0,3567,3,35937,27
17691,0,3572,3,35937,27
17718,0,3577,3,35937,27
17745,0,3582,3,35937,27
17772,0,3587,3,35937,27
17799,0,3592,3,35937,27
17826,0,3597,3,35937,27
17853,0,3602,3,35937,27
17880,0,3607,3,35937,27
17907,0,3612,3,35937,27
17934,0,3617,3,35937,27
17961,0,3622,3,35937,27
17988,0,3627,3,35937,27
18015,0,3632,3,35937,27
18042,0,3637,3,35937,27
18069,0,3642,3,35937,27
18096,0,3647,3,35937,27
18123,0,3652,3,35937,27
18150,0,3657,3,35937,27
18177,0,3662,3,35937,27
18204,0,3667,3,35937,27
18231,0,3672,3,35937,27
18258,0,3677,3,35937,27
18285,0,3682,3,35937,27
18312,0,3687,3,35937,27
18339,0,3692,3,35937,27
18366,0,3697,3,35937,27
18393,0,3702,3,35937,27
18420,0,3707,3,35937,27
18447,0,3712,3,35937,27
18474,0,3717,3,35937,27
18501,0,3722,3,35937,27
18528,0,3727,3,35937,27
18555,0,3732,3,35937,27
18582,0,3737,3,35937,27
18609,0,3742,3,35937,27
18636,0,3747,3,35937,27
18663,0,3752,3,35937,27
18690,0,3757,3,35937,27
18717,0,3762,3,35937,27
18744,0,3767,3,35937,27
18771,0,3772,3,35937,27
18798,0,3777,3,35937,27
18825,0,3782,3,35937,27
18852,0,3787,3,35937,27
18879,0,3792,3,35937,27
18906,0,3797,3,35937,27
18933,0,3802,3,35937,27
18960,0,3807,3,35937,27
18987,0,3812,3,35937,27
19014,0,3817,3,35937,27
19041,0,3822,3,35937,27
19068,0,3827,3,35937,27
19095,0,3832,3,35937,27
19122,0,3837,3,35937,27
19149,0,3842,3,35937,27
19176,0,3847,3,35937,27
19203,0,3852,3,35937,27
19230,0,3857,3,35937,27
19257,0,3862,3,35937,27
19284,0,3867,3,35937,27
19311,0,3872,3,35937,27
19338,0,3877,3,35937,27
19365,0,3882,3,35937,27
19392,0,3887,3,35937,27
19419,0,3892,3,35937,27
19446,0,3897,3,35937,27
19473,0,3902,3,35937,27
19500,0,3907,3,35937,27
19527,0,3912,3,35937,27
19554,0,3917,3,35937,27
19581,0,3922,3,35937,27
19608,0,3927,3,35937,27
19635,0,3932,3,35937,27
19662,0,3937,3,35937,27
19689,0,3942,3,35937,27
19716,0,3947,3,35937,27
19743,0,3952,3,35937,27
19770,0,3957,3,35937,27
19797,0,3962,3,35937,27
19824,0,3967,3,35937,27
19851,0,3972,3,35937,27
19878,0,3977,3,35937,27
19905,0,3982,3,35937,27
19932,0,3987,3,35937,27
19959,0,3992,3,35937,27
19986,0,3997,3,35937,27
20013,0,4002,3,35937,27
20040,0,4007,3,35937,27
20067,0,4012,3,35937,27
20094,0,4017,3,35937,27
20121,0,4022,3,35937,27
20148,0,4027,3,35937,27
20175,0,4032,3,35937,27
20202,0,4037,3,35937,27
20229,0,4042,3,35937,27
20256,0,4047,3,35937,27
20283,0,4052,3,35937,27
20310,0,4057,3,35937,27
20337,0,4062,3,35937,27
20364,0,4067,3,35937,27
20391,0,4072,3,35937,27
20418,0,4077,3,35937,27
20445,0,4082,3,35937,27
20472,0,4087,3,35937,27
20499,0,4092,3,35937,27
20526,0,4097,3,35937,27
20553,0,4102,3,35937,27
20580,0,4107,3,35937,27
20607,0,4112,3,35937,27
20634,0,4117,3,35937,27
20661,0,4122,3,35937,27
20688,0,4127,3,35937,27
20715,0,4132,3,35937,27
20742,0,4137,3,35937,27
20769,0,4142,3,35937,27
20796,0,4147,3,35937,27
20823,0,4153,4,35937,27
20850,0,4158,3,35937,27
20877,0,4163,3,35937,27
20904,0,4168,3,35937,27
20931,0,4173,3,35937,27
20958,0,4178,3,35937,27
20985,0,4183,3,35937,27
21012,0,4188,3,35937,27
21039,0,4193,3,35937,27
21066,0,4198,3,35937,27
21093,0,4203,3,35937,27
21120,0,4208,3,35937,27
21147,0,4213,3,35937,27
21174,0,4218,3,35937,27
21201,0,4223,3,35937,27
21228,0,4228,3,35937,27
21255,0,4233,3,35937,27
21282,0,4238,3,35937,27
21309,0,4244,4,35937,27
21336,0,4250,4,35937,27
21363,0,4256,4,35937,27
21390,0,4261,3,35937,27
21417,0,4266,3,35937,27
21444,0,4271,3,35937,27
21471,0,4276,3,35937,27
21498,0,4281,3,35937,27
21525,0,4286,3,35937,27
21552,0,4291,3,35937,27
21579,0,4297,4,35937,27
21606,0,4303,4,35937,27
21633,0,4309,4,35937,27
21660,0,4315,4,35937,27
21687,0,4320,3,35937,27
21714,0,4326,4,35937,27
21741,0,4332,4,35937,27
21768,0,4338,4,35937,27
21795,0,4344,4,35937,27
21822,0,4349,3,35937,27
21849,0,4354,3,35937,27
21876,0,4359,3,35937,27
21903,0,4364,3,35937,27
21930,0,4369,3,35937,27
21957,0,4374,3,35937,27
21984,0,4379,3,35937,27
22011,0,4384,3,35937,27
22038,0,4389,3,35937,27
22065,0,4394,3,35937,27
22092,0,4399,3,35937,27
22119,0,4404,3,35937,27
22146,0,4409,3,35937,27
22173,0,4414,3,35937,27
22200,0,4419,3,35937,27
22227,0,4424,3,35937,27
22254,0,4429,3,35937,27
22281,0,4434,3,35937,27
22308,0,4439,3,35937,27
22335,0,4444,3,35937,27
22362,0,4449,3,35937,27
22389,0,4454,3,35937,27
22416,0,4459,3,35937,27
22443,0,4464,3,35937,27
22470,0,4469,3,35937,27
22497,0,4474,3,35937,27
22524,0,4479,3,35937,27
22551,0,4484,3,35937,27
22578,0,4489,3,35937,27
22605,0,4494,3,35937,27
22632,0,4499,3,35937,27
22659,0,4504,3,35937,27
22686,0,4509,3,35937,27
22713,0,4514,3,35937,27
22740,0,4519,3,35937,27
22767,0,4524,3,35937,27
22794,0,4529,3,35937,27
22821,0,4534,3,35937,27
22848,0,4539,3,35937,27
22875,0,4544,3,35937,27
22902,0,4549,3,35937,27
22929,0,4554,3,35937,27
22956,0,4559,3,35937,27
22983,0,4564,3,35937,27
23010,0,4569,3,35937,27
23037,0,4574,3,35937,27
23064,0,4579,3,35937,27
23091,0,4584,3,35937,27
23118,0,4589,3,35937,27
23145,0,4594,3,35937,27
23172,0,4599,3,35937,27
23199,0,4604,3,35937,27
23226,0,4609,3,35937,27
23253,0,4614,3,35937,27
23280,0,4619,3,35937,27
23307,0,4624,3,35937,27
23334,0,4629,3,35937,27
23361,0,4634,3,35937,27
23388,0,4639,3,35937,27
23415,0,4644,3,35937,27
23442,0,4650,4,35937,27
23469,0,4655,3,35937,27
23496,0,4661,4,35937,27
23523,0,4666,3,35937,27
23550,0,4671,3,35937,27
23577,0,4676,3,35937,27
23604,0,4681,3,35937,27
23631,0,4686,3,35937,27
23658,0,4691,3,35937,27
23685,0,4696,3,35937,27
23712,0,4701,3,35937,27
23739,0,4706,3,35937,27
23766,0,4711,3,35937,27
23793,0,4716,3,35937,27
23820,0,4721,3,35937,27
23847,0,4726,3,35937,27
23874,0,4731,3,35937,27
23901,0,4736,3,35937,27
23928,0,4741,3,35937,27
23955,0,4746,3,35937,27
23982,0,4751,3,35937,27
24009,0,4756,3,35937,27
24036,0,4761,3,35937,27
24063,0,4766,3,35937,27
24090,0,4771,3,35937,27
24117,0,4776,3,35937,27
24144,0,4781,3,35937,27
24171,0,4786,3,35937,27
24198,0,4791,3,35937,27
24225,0,4796,3,35937,27
24252,0,4801,3,35937,27
24279,0,4806,3,35937,27
24306,0,4811,3,35937,27
24333,0,4816,3,35937,27
24360,0,4821,3,35937,27
24387,0,4826,3,35937,27
24414,0,4831,3,35937,27
24441,0,4836,3,35937,27
24468,0,4841,3,35937,27
24495,0,4846,3,35937,27
24522,0,4851,3,35937,27
24549,0,4856,3,35937,27
24576,0,4861,3,35937,27
24603,0,4866,3,35937,27
24630,0,4871,3,35937,27
24657,0,4876,3,35937,27
24684,0,4881,3,35937,27
24711,0,4886,3,35937,27
24738,0,4891,3,35937,27
24765,0,4896,3,35937,27
24792,0,4901,3,35937,27
24819,0,4906,3,35937,27
24846,0,4911,3,35937,27
24873,0,4916,3,35937,27
24900,0,4921,3,35937,27
24927,0,4926,3,35937,27
24954,0,4931,3,35937,27
24981,0,4936,3,35937,27
25008,0,4941,3,35937,27
25035,0,4946,3,35937,27
25062,0,4951,3,35937,27
25089,0,4956,3,35937,27
25116,0,4961,3,35937,27
25143,0,4966,3,35937,27
25170,0,4971,3,35937,27
25197,0,4976,3,35937,27
25224,0,4981,3,35937,27
25251,0,4986,3,35937,27
25278,0,4991,3,35937,27
25305,0,4996,3,35937,27
25332,0,5001,3,35937,27
25359,0,5006,3,35937,27
25386,0,5011,3,35937,27
25413,0,5016,3,35937,27
25440,0,5021,3,35937,27
25467,0,5026,3,35937,27
25494,0,5031,3,35937,27
25521,0,5036,3,35937,27
25548,0,5041,3,35937,27
25575,0,5046,3,35937,27
25602,0,5051,3,35937,27
25629,0,5056,3,35937,27
25656,0,5061,3,35937,27
25683,0,5066,3,35937,27
25710,0,5071,3,35937,27
25737,0,5076,3,35937,27
25764,0,5081,3,35937,27
25791,0,5086,3,35937,27
25818,0,5091,3,35937,27
25845,0,5096,3,35937,27
25872,0,5101,3,35937,27
25899,0,5106,3,35937,27
25926,0,5111,3,35937,27
25953,0,5116,3,35937,27
25980,0,5121,3,35937,27
26007,0,5126,3,35937,27
26034,0,5131,3,35937,27
26061,0,5136,3,35937,27
26088,0,5141,3,35937,27
26115,0,5146,3,35937,27
26142,0,5151,3,35937,27
26169,0,5156,3,35937,27
26196,0,5161,3,35937,27
26223,0,5166,3,35937,27
26250,0,5171,3,35937,27
26277,0,5176,3,35937,27
26304,0,5181,3,35937,27
26331,0,5186,3,35937,27
26358,0,5191,3,35937,27
26385,0,5196,3,35937,27
26412,0,5201,3,35937,27
26439,0,5206,3,35937,27
26466,0,5211,3,35937,27
26493,0,5216,3,35937,27
26520,0,5221,3,35937,27
26547,0,5226,3,35937,27
26574,0,5231,3,35937,27
26601,0,5236,3,35937,27
26628,0,5241,3,35937,27
26655,0,5246,3,35937,27
26682,0,5251,3,35937,27
26709,0,5256,3,35937,27
26736,0,5261,3,35937,27
26763,0,5266,3,35937,27
26790,0,5271,3,35937,27
26817,0,5276,3,35937,27
26844,0,5281,3,35937,27
26871,0,5286,3,35937,27
26898,0,5291,3,35937,27
26925,0,5296,3,35937,27
26952,0,5301,3,35937,27
26979,0,5306,3,35937,27
27006,0,5311,3,35937,27
27033,0,5316,3,35937,27
27060,0,5321,3,35937,27
27087,0,5326,3,35937,27
27114,0,5331,3,35937,27
27141,0,5336,3,35937,27
27168,0,5341,3,35937,27
27195,0,5346,3,35937,27
27222,0,5351,3,35937,27
27249,0,5356,3,35937,27
27276,0,5361,3,35937,27
27303,0,5366,3,35937,27
27330,0,5371,3,35937,27
27357,0,5376,3,35937,27
27384,0,5381,3,35937,27
27411,0,5386,3,35937,27
27438,0,5391,3,35937,27
27465,0,5396,3,35937,27
27492,0,5401,3,35937,27
27519,0,5406,3,35937,27
27546,0,5411,3,35937,27
27573,0,5416,3,35937,27
27600,0,5421,3,35937,27
27627,0,5426,3,35937,27
27654,0,5431,3,35937,27
27681,0,5436,3,35937,27
27708,0,5441,3,35937,27
27735,0,5446,3,35937,27
27762,0,5451,3,35937,27
27789,0,5456,3,35937,27
27816,0,5461,3,35937,27
27843,0,5466,3,35937,27
27870,0,5471,3,35937,27
27897,0,5476,3,35937,27
27924,0,5481,3,35937,27
27951,0,5486,3,35937,27
27978,0,5491,3,35937,27
28005,0,5496,3,35937,27
28032,0,5501,3,35937,27
28059,0,5506,3,35937,27
28086,0,5511,3,35937,27
28113,0,5516,3,35937,27
28140,0,5521,3,35937,27
28167,0,5526,3,35937,27
28194,0,5531,3,35937,27
28221,0,5536,3,35937,27
28248,0,5541,3,35937,27
28275,0,5546,3,35937,27
28302,0,5551,3,35937,27
28329,0,5556,3,35937,27
28356,0,5561,3,35937,27
28383,0,5566,3,35937,27
28410,0,5571,3,35937,27
28437,0,5576,3,35937,27
28464,0,5581,3,35937,27
28491,0,5586,3,35937,27
28518,0,5591,3,35937,27
28545,0,5596,3,35937,27
28572,0,5601,3,35937,27
28599,0,5606,3,35937,27
28626,0,5611,3,35937,27
28653,0,5616,3,35937,27
28680,0,5621,3,35937,27
28707,0,5626,3,35937,27
28734,0,5631,3,35937,27
28761,0,5636,3,35937,27
28788,0,5641,3,35937,27
28815,0,5646,3,35937,27
28842,0,5651,3,35937,27
28869,0,5656,3,35937,27
28896,0,5661,3,35937,27
28923,0,5666,3,35937,27
28950,0,5671,3,35937,27
28977,0,5676,3,35937,27
29004,0,5681,3,35937,27
29031,0,5686,3,35937,27
29058,0,5691,3,35937,27
29085,0,5696,3,35937,27
29112,0,5701,3,35937,27
29139,0,5706,3,35937,27
29166,0,5711,3,35937,27
29193,0,5716,3,35937,27
29220,0,5721,3,35937,27
29247,0,5726,3,35937,27
29274,0,5731,3,35937,27
29301,0,5736,3,35937,27
29328,0,5741,3,35937,27
29355,0,5746,3,35937,27
29382,0,5751,3,35937,27
29409,0,5756,3,35937,27
29436,0,5761,3,35937,27
29463,0,5766,3,35937,27
29490,0,5771,3,35937,27
29517,0,5776,3,35937,27
29544,0,5781,3,35937,27
29571,0,5786,3,35937,27
29598,0,5791,3,35937,27
29625,0,5796,3,35937,27
29652,0,5801,3,35937,27
29679,0,5806,3,35937,27
29706,0,5811,3,35937,27
29733,0,5816,3,35937,27
29760,0,5821,3,35937,27
29787,0,5826,3,35937,27
29814,0,5831,3,35937,27
29841,0,5836,3,35937,27
29868,0,5841,3,35937,27
29895,0,5846,3,35937,27
29922,0,5851,3,35937,27
29949,0,5856,3,35937,27
29976,0,5861,3,35937,27
30003,0,5866,3,35937,27
30030,0,5871,3,35937,27
30057,0,5876,3,35937,27
30084,0,5881,3,35937,27
30111,0,5886,3,35937,27
30138,0,5891,3,35937,27
30165,0,5896,3,35937,27
30192,0,5901,3,35937,27
30219,0,5906,3,35937,27
30246,0,5911,3,35937,27
30273,0,5916,3,35937,27
30300,0,5921,3,35937,27
30327,0,5926,3,35937,27
30354,0,5931,3,35937,27
30381,0,5936,3,35937,27
30408,0,5941,3,35937,27
30435,0,5946,3,35937,27
30462,0,5951,3,35937,27
30489,0,5956,3,35937,27
30516,0,5961,3,35937,27
30543,0,5966,3,35937,27
30570,0,5971,3,35937,27
30597,0,5976,3,35937,27
30624,0,5981,3,35937,27
30651,0,5986,3,35937,27
30678,0,5991,3,35937,27
30705,0,5996,3,35937,27
30732,0,6001,3,35937,27
30759,0,6006,3,35937,27
30786,0,6011,3,35937,27
30813,0,6016,3,35937,27
30840,0,6021,3,35937,27
30867,0,6026,3,35937,27
30894,0,6031,3,35937,27
30921,0,6036,3,35937,27
30948,0,6041,3,35937,27
30975,0,6046,3,35937,27
31002,0,6051,3,35937,27
31029,0,6056,3,35937,27
31056,0,6061,3,35937,27
31083,0,6066,3,35937,27
31110,0,6071,3,35937,27
31137,0,6076,3,35937,27
31164,0,6081,3,35937,27
31191,0,6086,3,35937,27
31218,0,6091,3,35937,27
31245,0,6096,3,35937,27
31272,0,6101,3,35937,27
31299,0,6106,3,35937,27
31326,0,6111,3,35937,27
31353,0,6116,3,35937,27
31380,0,6121,3,35937,27
31407,0,6126,3,35937,27
31434,0,6131,3,35937,27
31461,0,6136,3,35937,27
31488,0,6141,3,35937,27
31515,0,6146,3,35937,27
31542,0,6151,3,35937,27
31569,0,6156,3,35937,27
31596,0,6161,3,35937,27
31623,0,6166,3,35937,27
31650,0,6171,3,35937,27
31677,0,6176,3,35937,27
31704,0,6181,3,35937,27
31731,0,6186,3,35937,27
31758,0,6191,3,35937,27
31785,0,6196,3,35937,27
31812,0,6201,3,35937,27
31839,0,6206,3,35937,27
31866,0,6211,3,35937,27
31893,0,6216,3,35937,27
31920,0,6221,3,35937,27
31947,0,6226,3,35937,27
31974,0,6231,3,35937,27
32001,0,6236,3,35937,27
32028,0,6241,3,35937,27
32055,0,6246,3,35937,27
32082,0,6251,3,35937,27
32109,0,6256,3,35937,27
32136,0,6261,3,35937,27
32163,0,6266,3,35937,27
32190,0,6271,3,35937,27
32217,0,6276,3,35937,27
32244,0,6281,3,35937,27
32271,0,6286,3,35937,27
32298,0,6291,3,35937,27
32325,0,6296,3,35937,27
32352,0,6301,3,35937,27
32379,0,6306,3,35937,27
32406,0,6311,3,35937,27
32433,0,6316,3,35937,27
32460,0,6321,3,35937,27
32487,0,6326,3,35937,27
32514,0,6331,3,35937,27
32541,0,6336,3,35937,27
32568,0,6341,3,35937,27
32595,0,6346,3,35937,27
32622,0,6351,3,35937,27
32649,0,6356,3,35937,27
32676,0,6361,3,35937,27
32703,0,6366,3,35937,27
32730,0,6371,3,35937,27
32757,0,6376,3,35937,27
32784,0,6381,3,35937,27
32811,0,6386,3,35937,27
32838,0,6391,3,35937,27
32865,0,6396,3,35937,27
32892,0,6401,3,35937,27
32919,0,6406,3,35937,27
32946,0,6411,3,35937,27
32973,0,6416,3,35937,27
33000,0,6421,3,35937,27
33027,0,6426,3,35937,27
33054,0,6431,3,35937,27
33081,0,6436,3,35937,27
33108,0,6441,3,35937,27
33135,0,6446,3,35937,27
33162,0,6451,3,35937,27
33189,0,6456,3,35937,27
33216,0,6461,3,35937,27
33243,0,6466,3,35937,27
33270,0,6471,3,35937,27
33297,0,6476,3,35937,27
33324,0,6481,3,35937,27
33351,0,6486,3,35937,27
33378,0,6491,3,35937,27
33405,0,6496,3,35937,27
33432,0,6501,3,35937,27
33459,0,6506,3,35937,27
33486,0,6511,3,35937,27
33513,0,6516,3,35937,27
33540,0,6521,3,35937,27
33567,0,6526,3,35937,27
